,fit_time,score_time,estimator,test_score,coefs
0,0.005392789840698242,0.0015239715576171875,LinearRegression(),0.8724205205617309,[0.17806612 0.26608627 0.19193373]
1,0.001310110092163086,0.0013339519500732422,LinearRegression(),0.8255380461544288,[0.17202099 0.30262068 0.18102776]
2,0.0012001991271972656,0.0013980865478515625,LinearRegression(),0.8194415426702271,[0.16811405 0.3024229  0.19306679]
3,0.0011751651763916016,0.0012679100036621094,LinearRegression(),0.8613577497453236,[0.18646996 0.27826852 0.19846217]
4,0.0011761188507080078,0.0011310577392578125,LinearRegression(),0.8669456213769942,[0.16830286 0.29148356 0.2140607 ]
