,fit_time,score_time,estimator,test_score,coefs
0,0.0070629119873046875,0.0015718936920166016,LinearRegression(),0.8724205205617309,[0.17806612 0.26608627 0.19193373]
1,0.001332998275756836,0.0013380050659179688,LinearRegression(),0.8255380461544288,[0.17202099 0.30262068 0.18102776]
2,0.0011920928955078125,0.0013899803161621094,LinearRegression(),0.8194415426702271,[0.16811405 0.3024229  0.19306679]
3,0.0012140274047851562,0.0013020038604736328,LinearRegression(),0.8613577497453236,[0.18646996 0.27826852 0.19846217]
4,0.0012547969818115234,0.0012102127075195312,LinearRegression(),0.8669456213769942,[0.16830286 0.29148356 0.2140607 ]
