,fit_time,score_time,estimator,test_score,coefs
0,0.010886192321777344,0.0014679431915283203,LogisticRegression(),0.8724447646493757,[[1.27063122 2.51891921 1.76387876]]
1,0.008709907531738281,0.0013759136199951172,LogisticRegression(),0.824086842578739,[[1.14429333 2.75210192 1.56307074]]
2,0.008569002151489258,0.001500844955444336,LogisticRegression(),0.8183049539814881,[[1.14177523 2.76877185 1.64175287]]
3,0.008227109909057617,0.0013580322265625,LogisticRegression(),0.861523560266164,[[1.27876816 2.55006753 1.75633764]]
4,0.010354995727539062,0.0012459754943847656,LogisticRegression(),0.8649284539464375,[[1.11679069 2.65125957 1.75257143]]
