,fit_time,score_time,estimator,test_score,coefs
0,0.011639118194580078,0.001706838607788086,LogisticRegression(),0.8337267577801919,[[1.8501874  2.97823195]]
1,0.009064912796020508,0.001501321792602539,LogisticRegression(),0.851628982852288,[[1.82481519 2.99772152]]
2,0.007824182510375977,0.0017480850219726562,LogisticRegression(),0.8533557889826785,[[1.89281245 2.90209707]]
3,0.008385181427001953,0.0016498565673828125,LogisticRegression(),0.8023683057491335,[[1.81632094 3.08910235]]
4,0.008607864379882812,0.001543283462524414,LogisticRegression(),0.8149665547043433,[[1.73178437 3.08205991]]
