,fit_time,score_time,estimator,test_score,coefs
0,0.004900932312011719,0.0015270709991455078,LinearRegression(),0.8338403888941048,[0.25776047 0.33344209]
1,0.001232147216796875,0.0012590885162353516,LinearRegression(),0.8518526630891103,[0.26515249 0.33561758]
2,0.0011708736419677734,0.0014309883117675781,LinearRegression(),0.8534690390118318,[0.25582119 0.31278858]
3,0.0011799335479736328,0.0014600753784179688,LinearRegression(),0.8030645103307719,[0.25817855 0.34101948]
4,0.0011799335479736328,0.0014460086822509766,LinearRegression(),0.8159871627097449,[0.24765305 0.346529  ]
