,mean_fit_time,std_fit_time,mean_score_time,std_score_time,param_loss,params,split0_test_score,split1_test_score,split2_test_score,split3_test_score,split4_test_score,mean_test_score,std_test_score,rank_test_score
0,0.0696634292602539,0.016457417377609553,0.008822345733642578,0.0021559463267402388,squared_error,{'loss': 'squared_error'},0.8377938202556963,0.8473292778845293,0.8534250284807003,0.8039351219906326,0.805925918035057,0.8296818333293231,0.020824085110493152,1
1,0.011348724365234375,0.0005998623579586119,0.0018886566162109376,9.607820287419535e-05,absolute_error,{'loss': 'absolute_error'},0.5,0.5,0.5,0.5,0.5,0.5,0.0,3
2,0.0775071144104004,0.012003424400908487,0.011344194412231445,0.002276445703483843,poisson,{'loss': 'poisson'},0.8331891522150243,0.8395479269753718,0.8481750206316885,0.8087492912487867,0.8009238735413007,0.8261170529224344,0.018184016820137528,2
