,mean_fit_time,std_fit_time,mean_score_time,std_score_time,param_loss,params,split0_test_score,split1_test_score,split2_test_score,split3_test_score,split4_test_score,mean_test_score,std_test_score,rank_test_score
0,0.06641044616699218,0.010256989020447124,0.009417486190795899,0.0020269439239896402,squared_error,{'loss': 'squared_error'},0.8113118097375531,0.8287535302648653,0.7590562179872441,0.7097271810583948,0.8053221982855753,0.7828341874667266,0.04320948475128249,1
1,0.01152944564819336,0.0004975281297184358,0.001650381088256836,5.6882376080881527e-05,absolute_error,{'loss': 'absolute_error'},0.5,0.5,0.5,0.5,0.5,0.5,0.0,3
2,0.08711032867431641,0.01798978275054553,0.014459609985351562,0.0040415298891351,poisson,{'loss': 'poisson'},0.8062172239434542,0.8226653790118909,0.7350295515298845,0.7067154555637462,0.7985098139797484,0.7738274848057449,0.04483917167123059,2
