,fit_time,score_time,estimator,test_score,coefs
0,0.005023002624511719,0.002017974853515625,LinearRegression(),0.8040530169247023,[0.30782353 0.31149992]
1,0.0014159679412841797,0.0014119148254394531,LinearRegression(),0.8347646877271234,[0.32125962 0.32459428]
2,0.0012061595916748047,0.0015270709991455078,LinearRegression(),0.7498859090052836,[0.2867501  0.31907938]
3,0.0012328624725341797,0.0015022754669189453,LinearRegression(),0.7051427664308374,[0.30742487 0.33303451]
4,0.0011589527130126953,0.0015261173248291016,LinearRegression(),0.811653778298211,[0.305929   0.32214657]
