,predus_fscore,predus_mcc,ispred_fscore,ispred_mcc,dockpred_fscore,dockpred_mcc,logisticregresion_fscore,logisticregresion_mcc,linearregression_fscore,linearregression_mcc,randomforest_fscore,randomforest_mcc
1ACB.E,0.4285714285714286,0.41959133581957103,0.380952380952381,0.36311241232170394,0.5238095238095238,0.5325491828153053,0.4285714285714286,0.41959133581957103,0.4285714285714286,0.41959133581957103,0.28571428571428575,0.2501545653259697
1ACB.I,0.5806451612903226,0.49474593521632426,0.6451612903225806,0.5845701251835531,0.5806451612903226,0.49474593521632426,0.7096774193548387,0.6743943151507821,0.7096774193548387,0.6743943151507821,0.5806451612903226,0.49474593521632426
1AHW.A,0.5454545454545454,0.5399091057458346,0.6181818181818183,0.6207066922001063,0.7272727272727273,0.741903071881514,0.6181818181818183,0.6207066922001063,0.6181818181818183,0.6207066922001063,0.4727272727272728,0.45911151929156285
