,predictor,f-score,mcc,roc_auc,pr_auc
0,predus,0.515625,0.5039739616736306,0.854,0.529
1,ispred,0.546875,0.5400443553666275,0.864,0.473
2,dockpred,0.6249999999999999,0.6302203395991198,0.96,0.578
3,logisticregresion,0.5781249999999999,0.5761147490596245,0.957,0.69
4,linearregression,0.5781249999999999,0.5761147490596245,0.957,0.708
5,randomforest,0.43749999999999994,0.41379797744113833,0.822,0.395
