,predus_fpr,predus_tpr,ispred_fpr,ispred_tpr,dockpred_fpr,dockpred_tpr,logisticregresion_fpr,logisticregresion_tpr,linearregression_fpr,linearregression_tpr,randomforest_fpr,randomforest_tpr
0,1.0,0.05454545454545454,1.0,0.05454545454545454,1.0,0.05454545454545454,1.0,0.05454545454545454,1.0,0.05454545454545454,1.0,0.05454545454545454
1,0.3333333333333333,0.11538461538461539,0.6666666666666666,0.23076923076923078,0.3333333333333333,0.11538461538461539,0.6666666666666666,0.23076923076923078,0.6666666666666666,0.23076923076923078,0.6666666666666666,0.23076923076923078
2,0.0,1.0,0.0,1.0,0.0,1.0,0.0,1.0,0.0,1.0,0.0,1.0
