,predictor,f-score,mcc,roc_auc,pr_auc
0,ispred,0.4112263575350824,0.35231433082691666,0.823,0.346
1,dockpred,0.3929225137278829,0.33172849735244264,0.802,0.33
2,logisticregresion,0.46369737644905434,0.41132705345374215,0.87,0.411
3,linearregression,0.46369737644905434,0.41132705345374215,0.87,0.411
4,randomforest,0.29530201342281875,0.22193738548858122,0.676,0.242
5,xgboost,0.44295302013422816,0.3879964421826716,0.868,0.353
