,predictor,f-score,mcc,roc_auc,pr_auc
0,predus,0.40756558877364246,0.34819716413202184,0.726,0.349
1,ispred,0.4112263575350824,0.35231433082691666,0.823,0.346
2,logisticregresion,0.4527150701647346,0.3989755533690577,0.852,0.413
3,linearregression,0.4527150701647346,0.3989755533690577,0.854,0.414
4,randomforest,0.35997559487492375,0.2946739970983894,0.696,0.287
5,xgboost,0.4331909701037218,0.3770173309962854,0.851,0.383
