,predictor,f-score,mcc,roc_auc,pr_auc
0,predus,0.40756558877364246,0.34819716413202184,0.726,0.349
1,ispred,0.4112263575350824,0.35231433082691666,0.823,0.346
2,logisticregresion,0.4527150701647346,0.3989755533690577,0.853,0.414
3,linearregression,0.45149481391092133,0.39760316447075944,0.854,0.415
4,randomforest,0.47345942647956074,0.42230616464012827,0.862,0.444
5,xgboost,0.4844417327638804,0.4346576647248127,0.863,0.453
