,fit_time,score_time,estimator,test_score,coefs
0,0.0056607723236083984,0.002040863037109375,LinearRegression(),0.8555631185444488,[0.18341588 0.31090431 0.17111243]
1,0.0015530586242675781,0.001399993896484375,LinearRegression(),0.8732509632520585,[0.19612187 0.3134166  0.16339176]
2,0.001415252685546875,0.0016047954559326172,LinearRegression(),0.8661657969213933,[0.18079372 0.28468036 0.18040129]
3,0.0014090538024902344,0.001569986343383789,LinearRegression(),0.819005851179508,[0.18489745 0.3154199  0.16843463]
4,0.0014078617095947266,0.0018529891967773438,LinearRegression(),0.8379927168494967,[0.18170518 0.3249567  0.15699717]
