,fit_time,score_time,estimator,test_score,coefs
0,0.011447906494140625,0.0015649795532226562,LogisticRegression(),0.8549197056469819,[[1.2455849  2.79712477 1.55757666]]
1,0.010385751724243164,0.0013461112976074219,LogisticRegression(),0.8725520454794357,[[1.28093026 2.82179551 1.42429362]]
2,0.009259939193725586,0.0015649795532226562,LogisticRegression(),0.8659942399465372,[[1.28015143 2.66061033 1.6752553 ]]
3,0.009421110153198242,0.001542806625366211,LogisticRegression(),0.8185192910245489,[[1.21824972 2.87892347 1.51299444]]
4,0.010510683059692383,0.0015990734100341797,LogisticRegression(),0.8369811226442228,[[1.201136   2.91366658 1.38256798]]
