,fit_time,score_time,estimator,test_score,coefs
0,0.012616872787475586,0.001827239990234375,LogisticRegression(),0.8040686644879299,[[2.09125592 2.56679516]]
1,0.010012149810791016,0.0016210079193115234,LogisticRegression(),0.8352100569820425,[[2.11788982 2.60067529]]
2,0.00902867317199707,0.0017461776733398438,LogisticRegression(),0.7499133805470088,[[2.03161342 2.74856575]]
3,0.00864410400390625,0.001708984375,LogisticRegression(),0.7049028677150786,[[2.05037582 2.73256911]]
4,0.008877754211425781,0.0018260478973388672,LogisticRegression(),0.8114739120138387,[[2.01730503 2.54657702]]
