,predictor,f-score,mcc,roc_auc,pr_auc
0,predus,0.40756558877364246,0.34819716413202184,0.726,0.349
1,dockpred,0.3929225137278829,0.33172849735244264,0.802,0.33
2,logisticregresion,0.4588163514338011,0.40583749786054907,0.845,0.391
3,linearregression,0.462477120195241,0.4099546645554439,0.846,0.394
4,randomforest,0.4783404514948139,0.42779572023332135,0.854,0.421
5,xgboost,0.4783404514948139,0.42779572023332135,0.855,0.421
