,predictor,f-score,mcc,roc_auc,pr_auc
0,ispred,0.4112263575350824,0.35231433082691666,0.823,0.346
1,dockpred,0.3929225137278829,0.33172849735244264,0.802,0.33
2,logisticregresion,0.46369737644905434,0.41132705345374215,0.869,0.41
3,linearregression,0.46369737644905434,0.41132705345374215,0.87,0.411
4,randomforest,0.48200122025625386,0.43191288692821617,0.879,0.43
5,xgboost,0.4905430140329468,0.441519609216304,0.886,0.448
