,mean_fit_time,std_fit_time,mean_score_time,std_score_time,param_loss,params,split0_test_score,split1_test_score,split2_test_score,split3_test_score,split4_test_score,mean_test_score,std_test_score,rank_test_score
0,0.05466313362121582,0.004127072327413808,0.007196044921875,0.0005617143464209605,squared_error,{'loss': 'squared_error'},0.8480131692872609,0.8731036130663773,0.8587449766323701,0.8028162471939146,0.8270323456120412,0.8419420703583927,0.024671309554653548,1
1,0.012046480178833007,0.00032829556496159914,0.0017975330352783202,0.00016908665800647354,absolute_error,{'loss': 'absolute_error'},0.5,0.5,0.5,0.5,0.5,0.5,0.0,3
2,0.07239279747009278,0.008716740500630238,0.01103987693786621,0.0019277702090307169,poisson,{'loss': 'poisson'},0.8490203880297631,0.8708960152394607,0.8545381865642856,0.8010456594171458,0.8190053517389669,0.8389011201979244,0.025296119260530495,2
