,params,mean,+/ std
0,{'alpha': 0.0001},0.8658019275741969,0.025209587788644884
1,{'alpha': 0.05},0.8657668597639494,0.024554455837329434
