,params,mean,+/ std
0,{'loss': 'squared_error'},0.863393897874029,0.02927157551355611
1,{'loss': 'absolute_error'},0.5,0.0
2,{'loss': 'poisson'},0.8625334686900235,0.024545822564206673
