,fit_time,score_time,estimator,test_score,coefs
0,0.005087137222290039,0.0016329288482666016,LinearRegression(),0.8487152605468302,[0.32658388 0.22947758]
1,0.001867055892944336,0.0018241405487060547,LinearRegression(),0.8639834994341621,[0.32873134 0.22473444]
2,0.0013661384582519531,0.0015437602996826172,LinearRegression(),0.8621881699692319,[0.2999044  0.23358734]
3,0.001210927963256836,0.0015521049499511719,LinearRegression(),0.8103244719113842,[0.33032334 0.22574617]
4,0.0012097358703613281,0.0015540122985839844,LinearRegression(),0.8313800701601425,[0.33858173 0.21237221]
