,fit_time,score_time,estimator,test_score,coefs
0,0.012567758560180664,0.001795053482055664,LogisticRegression(),0.8486332971204014,[[2.89353258 1.96933332]]
1,0.008712053298950195,0.0014429092407226562,LogisticRegression(),0.8633987448684635,[[2.91263152 1.84267321]]
2,0.007795810699462891,0.0016689300537109375,LogisticRegression(),0.8621379923573049,[[2.7595019  2.06271024]]
3,0.008269071578979492,0.001870870590209961,LogisticRegression(),0.810214844605073,[[2.96591765 1.91584577]]
4,0.008892297744750977,0.0019369125366210938,LogisticRegression(),0.8310842536286691,[[2.99544478 1.76553919]]
