,params,mean roc auc,+/- std
0,{'loss': 'squared_error'},0.8419420703583927,0.049342619109307095
1,{'loss': 'absolute_error'},0.5,0.0
2,{'loss': 'poisson'},0.8389011201979244,0.05059223852106099
